quarter,component,slope,lo90,hi90
1996Q1,P31_S14_S15,-0.011099003105474736,-0.0339671387415978,0.011769132530648325
1996Q2,P31_S14_S15,-0.011095945839770138,-0.031247082195293405,0.009055190515753129
1996Q3,P31_S14_S15,-0.011091177592259083,-0.034406736943210614,0.012224381758692449
1996Q4,P31_S14_S15,-0.011083484797704157,-0.034029756617051,0.011862787021642687
1997Q1,P31_S14_S15,-0.011074608949575349,-0.033650213638966905,0.011500995739816205
1997Q2,P31_S14_S15,-0.011063263684385177,-0.03326771860922715,0.011141191240456795
1997Q3,P31_S14_S15,-0.011051176243102478,-0.0328848665646856,0.010782514078480642
1997Q4,P31_S14_S15,-0.011035993142203354,-0.03250014108559469,0.010428154801187979
1998Q1,P31_S14_S15,-0.011018624254114373,-0.032115256997180035,0.010078008488951289
1998Q2,P31_S14_S15,-0.010997724579476266,-0.03172964091738945,0.00973419175843692
1998Q3,P31_S14_S15,-0.0109713409507146,-0.03134207686460354,0.009399394963174337
1998Q4,P31_S14_S15,-0.010939450325221612,-0.030953243561714555,0.009074342911271334
1999Q1,P31_S14_S15,-0.010900570488538848,-0.030562324239105265,0.00876118326202757
1999Q2,P31_S14_S15,-0.010851054733479137,-0.030166300488564685,0.00846419102160641
1999Q3,P31_S14_S15,-0.010792000634035116,-0.02976686027686665,0.008182859008796419
1999Q4,P31_S14_S15,-0.010722172833255411,-0.029363320031896564,0.007918974365385741
2000Q1,P31_S14_S15,-0.010641608800058924,-0.028956229753747467,0.007673012153629618
2000Q2,P31_S14_S15,-0.010547733827104104,-0.028543487424062326,0.007448019769854118
2000Q3,P31_S14_S15,-0.010442815709117287,-0.02812779315780584,0.007242161739571266
2000Q4,P31_S14_S15,-0.010326655015647921,-0.02770933901968441,0.007056028988388568
2001Q1,P31_S14_S15,-0.010200088277730612,-0.027289311836170862,0.006889135280709637
2001Q2,P31_S14_S15,-0.010063063158553133,-0.026867968087623876,0.00674184177051761
2001Q3,P31_S14_S15,-0.009916830871941111,-0.026446826161165234,0.0066131644172830115
2001Q4,P31_S14_S15,-0.009763060319825573,-0.026027780454233308,0.006501659814582162
2002Q1,P31_S14_S15,-0.009601240105540074,-0.025610503505631595,0.006408023294551448
2002Q2,P31_S14_S15,-0.009431186707303512,-0.0251949544588207,0.006332581044213675
2002Q3,P31_S14_S15,-0.009254373917929177,-0.024782708983423968,0.006273961147565612
2002Q4,P31_S14_S15,-0.009071220825036051,-0.024374247947736193,0.006231806297664091
2003Q1,P31_S14_S15,-0.008884535844167728,-0.02397240237076818,0.006203330682432725
2003Q2,P31_S14_S15,-0.008694912874670231,-0.02357775073646934,0.006187924987128874
2003Q3,P31_S14_S15,-0.008504133039369595,-0.023192022139756144,0.006183756061016956
2003Q4,P31_S14_S15,-0.008309903036017401,-0.022812836295954424,0.006193030223919619
2004Q1,P31_S14_S15,-0.008112836475528455,-0.022440686786818903,0.006215013835761991
2004Q2,P31_S14_S15,-0.007911196561367784,-0.022073685889789786,0.006251292767054219
2004Q3,P31_S14_S15,-0.00770531843617538,-0.021711989302965237,0.006301352430614476
2004Q4,P31_S14_S15,-0.007494855827997431,-0.021355045378826827,0.0063653337228319635
2005Q1,P31_S14_S15,-0.007280187390209122,-0.02100300423620924,0.006442629455790995
2005Q2,P31_S14_S15,-0.007059967770358451,-0.02065427175658842,0.006534336215871517
2005Q3,P31_S14_S15,-0.006833806778794646,-0.020308191802745502,0.006640578245156209
2005Q4,P31_S14_S15,-0.006604062653880286,-0.01996684262120818,0.006758717313447609
2006Q1,P31_S14_S15,-0.006369783290960843,-0.019628981258807632,0.006889414676885948
2006Q2,P31_S14_S15,-0.006129542945421913,-0.019292883466582263,0.0070337975757384374
2006Q3,P31_S14_S15,-0.005883874994626802,-0.018958779639592263,0.007191029650338661
2006Q4,P31_S14_S15,-0.005632754939857191,-0.018626340939441037,0.007360831059726658
2007Q1,P31_S14_S15,-0.00537545302332507,-0.018294534943026818,0.007543628896376676
2007Q2,P31_S14_S15,-0.0051112854488695875,-0.017962379778069772,0.007739808880330597
2007Q3,P31_S14_S15,-0.004838365537527105,-0.017627698052495384,0.007950966977441173
2007Q4,P31_S14_S15,-0.004556669684262781,-0.01729018542408716,0.0081768460555616
2008Q1,P31_S14_S15,-0.004264280008869765,-0.0169476556878343,0.00841909567009477
2008Q2,P31_S14_S15,-0.003960929480636385,-0.016599588149162573,0.008677729187889803
2008Q3,P31_S14_S15,-0.0036475322180795546,-0.016246659976814008,0.008951595540654897
2008Q4,P31_S14_S15,-0.003324223625856321,-0.015888788193414043,0.009240340941701402
2009Q1,P31_S14_S15,-0.002992302496871154,-0.015527073430615114,0.009542468436872805
2009Q2,P31_S14_S15,-0.00265661883892185,-0.015166189209399803,0.009852951531556103
2009Q3,P31_S14_S15,-0.0023187455734398014,-0.014807554896105494,0.010170063749225891
2009Q4,P31_S14_S15,-0.00197795011193945,-0.014450308343956409,0.010494408120077509
2010Q1,P31_S14_S15,-0.0016312554502384748,-0.014091367864928329,0.01082885696445138
2010Q2,P31_S14_S15,-0.0012765275678874033,-0.013728520324216993,0.011175465188442186
2010Q3,P31_S14_S15,-0.0009133319461228674,-0.013361278175067557,0.011534614282821822
2010Q4,P31_S14_S15,-0.0005430280694383328,-0.012990974302733821,0.011904918163857156
2011Q1,P31_S14_S15,-0.00016453596324118337,-0.012616528732650827,0.01228745680616846
2011Q2,P31_S14_S15,0.00021787545727978974,-0.012242236979302157,0.012677987893861736
2011Q3,P31_S14_S15,0.0006011525987598756,-0.01187120566409857,0.013073510861618322
2011Q4,P31_S14_S15,0.000983216388661558,-0.011505592973986031,0.013472025751309147
2012Q1,P31_S14_S15,0.001359296056720482,-0.011150274363123129,0.013868866476564093
2012Q2,P31_S14_S15,0.0017273527796208,-0.01080741821316659,0.01426212377240819
2012Q3,P31_S14_S15,0.0020836655397610433,-0.01048089909686048,0.014648230176382566
2012Q4,P31_S14_S15,0.0024268938345335354,-0.010172234003673753,0.015026021672740824
2013Q1,P31_S14_S15,0.002754257053070988,-0.009884401705768927,0.015392915811910903
2013Q2,P31_S14_S15,0.0030641354411134678,-0.009619240339477399,0.015747511221704334
2013Q3,P31_S14_S15,0.0033584950590614775,-0.009375020794209644,0.0160920109123326
2013Q4,P31_S14_S15,0.0036376105008510233,-0.00915172213992415,0.016426943141626196
2014Q1,P31_S14_S15,0.0039037694447099924,-0.008947325023224343,0.01675486391264433
2014Q2,P31_S14_S15,0.004156433601298954,-0.008762648470653653,0.01707551567325156
2014Q3,P31_S14_S15,0.0043961025917581,-0.008597483574199753,0.017389688757715953
2014Q4,P31_S14_S15,0.0046242904545337055,-0.008450614371546619,0.01769919528061403
2015Q1,P31_S14_S15,0.004840855350665656,-0.008322485366973359,0.01800419606830467
2015Q2,P31_S14_S15,0.0050450114741284035,-0.008214186706182755,0.01830420965443956
2015Q3,P31_S14_S15,0.005239335597276067,-0.008123444599116202,0.018602115793668335
2015Q4,P31_S14_S15,0.005423855162014989,-0.008050530108200359,0.018898240432230335
2016Q1,P31_S14_S15,0.005598097751566537,-0.007996206498707224,0.0191924020018403
2016Q2,P31_S14_S15,0.005763847512642773,-0.007958969615731974,0.019486664641017518
2016Q3,P31_S14_S15,0.0059209393857540295,-0.007939250466298077,0.019781129237806137
2016Q4,P31_S14_S15,0.006069706542652741,-0.00793696464468439,0.02007637772998987
2017Q1,P31_S14_S15,0.006212371721261512,-0.007950117947461827,0.02037486138998485
2017Q2,P31_S14_S15,0.006348543645639972,-0.007979307026082405,0.02067639431736235
2017Q3,P31_S14_S15,0.0064774001646922125,-0.008025533476125413,0.020980333805509836
2017Q4,P31_S14_S15,0.006599881207879533,-0.008088008294090704,0.02128777070984977
2018Q1,P31_S14_S15,0.006716565964351716,-0.008166272319920304,0.021599404248623735
2018Q2,P31_S14_S15,0.006828553708464641,-0.008259313261611636,0.021916420678540917
2018Q3,P31_S14_S15,0.006935863698942047,-0.0083671638882745,0.022238891286158594
2018Q4,P31_S14_S15,0.007039021199941226,-0.008489314351068984,0.022567356750951437
2019Q1,P31_S14_S15,0.007140140829420888,-0.00862362742848755,0.022903909087329328
2019Q2,P31_S14_S15,0.0072410310124931265,-0.00876823291465851,0.023250294939644763
2019Q3,P31_S14_S15,0.007341241688216826,-0.008923478993627679,0.02360596237006133
2019Q4,P31_S14_S15,0.007441426327810136,-0.009088569528848804,0.023971422184469078
2020Q1,P31_S14_S15,0.007541406030174602,-0.009263499485863472,0.024346311546212678
2020Q2,P31_S14_S15,0.007636395895153709,-0.009452828269233483,0.0247256200595409
2020Q3,P31_S14_S15,0.007695995391025716,-0.009686689237297305,0.025078680019348737
2020Q4,P31_S14_S15,0.007747223575862541,-0.009937754514725254,0.025432201666450334
2021Q1,P31_S14_S15,0.007788477907346423,-0.010207276348310836,0.02578423216300368
2021Q2,P31_S14_S15,0.007811019994272724,-0.01050360163401652,0.026125641622561965
2021Q3,P31_S14_S15,0.007827438654822001,-0.010813709233338673,0.026468586542982675
2021Q4,P31_S14_S15,0.00784047976992666,-0.01113438057627795,0.02681534011613127
2022Q1,P31_S14_S15,0.007851435326438326,-0.01146381114472701,0.027166681797603662
2022Q2,P31_S14_S15,0.0078622751589119,-0.011799479319213307,0.027524029637037106
2022Q3,P31_S14_S15,0.00787102534152894,-0.012142768632695197,0.027884819315753078
2022Q4,P31_S14_S15,0.007879198552470384,-0.012491538107939628,0.028249935212880398
2023Q1,P31_S14_S15,0.00788739155689288,-0.012844525534873242,0.028619308648659
2023Q2,P31_S14_S15,0.007895879143061592,-0.013200754359660095,0.02899251264578328
2023Q3,P31_S14_S15,0.007903803419542874,-0.01356034528770365,0.029367952126789398
2023Q4,P31_S14_S15,0.007909702049717493,-0.01392398903824787,0.029743393137682858
2024Q1,P31_S14_S15,0.00791434284916614,-0.014290112842858497,0.030118798541190775
2024Q2,P31_S14_S15,0.007917234277408577,-0.0146583711781384,0.030492839732955555
2024Q3,P31_S14_S15,0.007918744147404146,-0.015027528435270644,0.030865016730078937
2024Q4,P31_S14_S15,0.0079194607541381,-0.015396099355471827,0.031235020863748027
2025Q1,P31_S14_S15,0.007920800378152244,-0.0157617433106392,0.03160334406694369
2025Q2,P31_S14_S15,0.007921500880301038,-0.016124772753223562,0.03196777451382564
2025Q3,P31_S14_S15,0.007921500880301038,-0.01648427638880194,0.03232727814940402
1996Q1,P3_S13,-0.0005541958836285943,-0.08320309524036162,0.08209470347310444
1996Q2,P3_S13,-0.0005541958671528846,-0.038994237501732074,0.037885845767426304
1996Q3,P3_S13,-0.0005541961810293095,-0.004549997241307669,0.0034416048792490503
1996Q4,P3_S13,-0.0005541961878584162,-0.004549997009812151,0.003441604634095319
1997Q1,P3_S13,-0.0005541962030667785,-0.004549996788892464,0.003441604382758907
1997Q2,P3_S13,-0.0005541962302114123,-0.004549996582474921,0.0034416041220520967
1997Q3,P3_S13,-0.0005541962704030297,-0.004549996391973813,0.003441603851167754
1997Q4,P3_S13,-0.0005541963221773055,-0.004549996216179222,0.0034416035718246108
1998Q1,P3_S13,-0.0005541963796559003,-0.004549996049428604,0.0034416032901168035
1998Q2,P3_S13,-0.0005541964371399838,-0.004549995886205694,0.0034416030119257266
1998Q3,P3_S13,-0.000554196489037137,-0.004549995721072631,0.0034416027429983566
1998Q4,P3_S13,-0.0005541965360502943,-0.004549995554862993,0.003441602482762404
1999Q1,P3_S13,-0.0005541965787108916,-0.004549995388218761,0.003441602230796978
1999Q2,P3_S13,-0.0005541966184620592,-0.004549995222676549,0.003441601985752431
1999Q3,P3_S13,-0.0005541966562238581,-0.004549995059235448,0.003441601746787732
1999Q4,P3_S13,-0.0005541966935606515,-0.00454999489952672,0.0034416015124054174
2000Q1,P3_S13,-0.0005541967302493123,-0.0045499947433837685,0.003441601282885144
2000Q2,P3_S13,-0.000554196767240024,-0.004549994591804606,0.003441601057324558
2000Q3,P3_S13,-0.0005541967995566438,-0.0045499944398535415,0.003441600840740254
2000Q4,P3_S13,-0.0005541968284495987,-0.0045499942888152164,0.003441600631916019
2001Q1,P3_S13,-0.000554196851824668,-0.004549994136624343,0.003441600432975007
2001Q2,P3_S13,-0.0005541968697962982,-0.004549993983419832,0.0034416002438272357
2001Q3,P3_S13,-0.0005541968810720541,-0.004549993827929959,0.0034416000657858507
2001Q4,P3_S13,-0.0005541968857961793,-0.004549993670316459,0.0034415998987241004
2002Q1,P3_S13,-0.0005541968850161236,-0.004549993511641598,0.0034415997416093504
2002Q2,P3_S13,-0.0005541968807322426,-0.004549993353918249,0.0034415995924537645
2002Q3,P3_S13,-0.0005541968726605348,-0.004549993196873002,0.003441599451551932
2002Q4,P3_S13,-0.0005541968608820695,-0.004549993040595882,0.003441599318831743
2003Q1,P3_S13,-0.0005541968470012557,-0.0045499928866988715,0.0034415991926963607
2003Q2,P3_S13,-0.0005541968331485066,-0.004549992737318794,0.0034415990710217805
2003Q3,P3_S13,-0.0005541968208692257,-0.004549992594006467,0.003441598952268016
2003Q4,P3_S13,-0.0005541968094279724,-0.004549992456031038,0.003441598837175093
2004Q1,P3_S13,-0.0005541967966568779,-0.00454999232122851,0.003441598727914754
2004Q2,P3_S13,-0.0005541967829656913,-0.004549992190011912,0.003441598624080529
2004Q3,P3_S13,-0.0005541967679424194,-0.004549992061972022,0.003441598526087183
2004Q4,P3_S13,-0.0005541967456656746,-0.004549991931189797,0.0034415984398584475
2005Q1,P3_S13,-0.0005541967131759797,-0.004549991794707741,0.0034415983683557813
2005Q2,P3_S13,-0.0005541966681691981,-0.004549991650223395,0.003441598313884999
2005Q3,P3_S13,-0.0005541966104686239,-0.004549991497561471,0.0034415982766242237
2005Q4,P3_S13,-0.0005541965407903291,-0.0045499913374392395,0.0034415982558585814
2006Q1,P3_S13,-0.000554196461939635,-0.004549991172663034,0.003441598248783764
2006Q2,P3_S13,-0.000554196377526251,-0.004549991006843423,0.0034415982517909207
2006Q3,P3_S13,-0.0005541962900311639,-0.004549990842462116,0.0034415982623997882
2006Q4,P3_S13,-0.0005541962016112219,-0.004549990681676571,0.003441598278454128
2007Q1,P3_S13,-0.000554196111538975,-0.004549990523759859,0.0034415983006819088
2007Q2,P3_S13,-0.0005541960194365789,-0.00454999036833457,0.003441598329461412
2007Q3,P3_S13,-0.0005541959245449596,-0.0045499902146419954,0.0034415983655520766
2007Q4,P3_S13,-0.0005541958271865432,-0.004549990063004874,0.0034415984086317883
2008Q1,P3_S13,-0.0005541957286856448,-0.0045499899147477835,0.0034415984573764936
2008Q2,P3_S13,-0.0005541956305560244,-0.004549989771384699,0.0034415985102726502
2008Q3,P3_S13,-0.0005541955324480817,-0.004549989632566206,0.0034415985676700426
2008Q4,P3_S13,-0.0005541954315978429,-0.0045499894955284845,0.0034415986323327987
2009Q1,P3_S13,-0.0005541953242310148,-0.0045499893564973646,0.003441598708035335
2009Q2,P3_S13,-0.0005541952051415144,-0.004549989210266869,0.00344159879998384
2009Q3,P3_S13,-0.0005541950693882525,-0.004549989051895992,0.003441598913119487
2009Q4,P3_S13,-0.000554194914304217,-0.004549988878717789,0.0034415990501093555
2010Q1,P3_S13,-0.0005541947391311912,-0.004549988689974094,0.0034415992117117116
2010Q2,P3_S13,-0.0005541945448776808,-0.004549988486673451,0.00344159939691809
2010Q3,P3_S13,-0.0005541943310818503,-0.004549988268354049,0.003441599606190348
2010Q4,P3_S13,-0.0005541941056316879,-0.004549988042903887,0.0034415998316405104
2011Q1,P3_S13,-0.0005541938728968916,-0.004549987814692662,0.003441600068898879
2011Q2,P3_S13,-0.0005541936365459953,-0.004549987587388898,0.0034416003142969075
2011Q3,P3_S13,-0.000554193393616505,-0.004549987358030078,0.0034416005707970676
2011Q4,P3_S13,-0.0005541931523239899,-0.004549987134831729,0.0034416008301837494
2012Q1,P3_S13,-0.0005541929178942808,-0.004549986923019635,0.003441601087231074
2012Q2,P3_S13,-0.0005541926909874801,-0.00454998672325383,0.0034416013412788696
2012Q3,P3_S13,-0.0005541924706150714,-0.004549986534545713,0.00344160159331557
2012Q4,P3_S13,-0.0005541922605345117,-0.004549986360652638,0.0034416018395836143
2013Q1,P3_S13,-0.0005541920616874644,-0.004549986202516141,0.003441602079141212
2013Q2,P3_S13,-0.0005541918757091275,-0.004549986061771268,0.0034416023103530126
2013Q3,P3_S13,-0.0005541917032115869,-0.00454998593902992,0.0034416025326067462
2013Q4,P3_S13,-0.0005541915465299245,-0.004549985836626962,0.0034416027435671126
2014Q1,P3_S13,-0.0005541913971781353,-0.004549985746076127,0.0034416029517198563
2014Q2,P3_S13,-0.0005541912561410349,-0.004549985668361919,0.0034416031560798497
2014Q3,P3_S13,-0.0005541911248241951,-0.004549985604889546,0.0034416033552411556
2014Q4,P3_S13,-0.0005541910050657134,-0.0045499855574966655,0.0034416035473652387
2015Q1,P3_S13,-0.0005541908966504245,-0.004549985525967598,0.003441603732666749
2015Q2,P3_S13,-0.0005541907978844351,-0.004549985508607836,0.0034416039128389656
2015Q3,P3_S13,-0.0005541907019967264,-0.004549985498645638,0.003441604094652185
2015Q4,P3_S13,-0.0005541906121028818,-0.004549985499195731,0.0034416042749899674
2016Q1,P3_S13,-0.0005541905254392971,-0.004549985507493496,0.0034416044566149026
2016Q2,P3_S13,-0.000554190439401142,-0.004549985520932906,0.003441604642130622
2016Q3,P3_S13,-0.0005541903525399701,-0.004549985538064095,0.0034416048329841556
2016Q4,P3_S13,-0.0005541902693246233,-0.004549985563354229,0.0034416050247049828
2017Q1,P3_S13,-0.000554190189169779,-0.004549985596216004,0.0034416052178764455
2017Q2,P3_S13,-0.0005541901122581999,-0.004549985636829836,0.0034416054123134364
2017Q3,P3_S13,-0.0005541900392083666,-0.004549985685811435,0.003441605607394702
2017Q4,P3_S13,-0.0005541899708628604,-0.004549985744000105,0.0034416058022743836
2018Q1,P3_S13,-0.0005541899078991333,-0.004549985812069422,0.0034416059962711545
2018Q2,P3_S13,-0.0005541898506310104,-0.004549985890328627,0.003441606189066607
2018Q3,P3_S13,-0.0005541897992616782,-0.00454998597897549,0.0034416063804521336
2018Q4,P3_S13,-0.0005541897549325072,-0.004549986079144973,0.003441606569279959
2019Q1,P3_S13,-0.0005541897163134526,-0.0045499861894994584,0.0034416067568725527
2019Q2,P3_S13,-0.0005541896823332761,-0.004549986308958749,0.0034416069442921972
2019Q3,P3_S13,-0.0005541896512205385,-0.004549986435740817,0.0034416071332997403
2019Q4,P3_S13,-0.0005541896203750578,-0.004549986567232958,0.0034416073264828427
2020Q1,P3_S13,-0.0005541895897297425,-0.004549986703353276,0.0034416075238937905
2020Q2,P3_S13,-0.0005541895678680941,-0.004549986852667766,0.003441607716931578
2020Q3,P3_S13,-0.0005541895738107813,-0.0045499870341764006,0.0034416078865548384
2020Q4,P3_S13,-0.0005541895796309566,-0.004549987219927861,0.003441608060665948
2021Q1,P3_S13,-0.0005541895844411008,-0.0045499874090056906,0.0034416082401234893
2021Q2,P3_S13,-0.0005541895988806936,-0.004549987612015158,0.0034416084142537716
2021Q3,P3_S13,-0.0005541896094337205,-0.004549987815399799,0.003441608596532358
2021Q4,P3_S13,-0.0005541896121307071,-0.0045499880151423115,0.003441608790880897
2022Q1,P3_S13,-0.0005541896150808246,-0.004549988219295314,0.003441608989133665
2022Q2,P3_S13,-0.0005541896146896853,-0.004549988424197557,0.003441609194818186
2022Q3,P3_S13,-0.0005541896159938734,-0.004549988634806569,0.0034416094028188226
2022Q4,P3_S13,-0.000554189619613984,-0.00454998885164947,0.003441609612421502
2023Q1,P3_S13,-0.0005541896214448216,-0.0045499890705105435,0.0034416098276209
2023Q2,P3_S13,-0.0005541896244213016,-0.004549989294194029,0.0034416100453514265
2023Q3,P3_S13,-0.0005541896286158096,-0.0045499895226178075,0.003441610265386188
2023Q4,P3_S13,-0.0005541896292722571,-0.004549989750843104,0.00344161049229859
2024Q1,P3_S13,-0.0005541896275165852,-0.0045499899797798605,0.0034416107247466905
2024Q2,P3_S13,-0.0005541896253427625,-0.004549990211166656,0.003441610960481131
2024Q3,P3_S13,-0.0005541896234005118,-0.004549990445351248,0.0034416111985502247
2024Q4,P3_S13,-0.0005541896218824034,-0.004549990682169173,0.0034416114384043664
2025Q1,P3_S13,-0.0005541896219969919,-0.004549990922406842,0.0034416116784128582
2025Q2,P3_S13,-0.0005541896220790896,-0.004549991163899938,0.0034416119197417583
2025Q3,P3_S13,-0.0005541896220790896,-0.004549991406008699,0.0034416121618505192
1996Q1,P51G,-0.013917714980493656,-0.0426113953153371,0.014775965354349791
1996Q2,P51G,-0.013945781625807285,-0.04133616254524482,0.013444599293630247
1996Q3,P51G,-0.013981636528327623,-0.03887396372571539,0.010910690669060138
1996Q4,P51G,-0.014017959850519013,-0.03856133258923471,0.010525412888196688
1997Q1,P51G,-0.014056231208572134,-0.03825482316813307,0.010142360750988802
1997Q2,P51G,-0.01409265261001752,-0.037952126333401795,0.009766821113366752
1997Q3,P51G,-0.01412237876029851,-0.037649645502286375,0.009404887981689355
1997Q4,P51G,-0.014145411635648614,-0.037348414781686656,0.009057591510389432
1998Q1,P51G,-0.014166613564684072,-0.03705413459865417,0.008720907469286023
1998Q2,P51G,-0.014168755010725023,-0.03675024071389109,0.008412730692441046
1998Q3,P51G,-0.014152947320089107,-0.036438356727094806,0.008132462086916589
1998Q4,P51G,-0.014127928642544751,-0.036127598218943735,0.007871740933854229
1999Q1,P51G,-0.014068513221871706,-0.0357930387297678,0.007656012286024392
1999Q2,P51G,-0.013988866678007483,-0.03544900023964803,0.007471266883633067
1999Q3,P51G,-0.013891367490069176,-0.03509792842806484,0.00731519344792649
1999Q4,P51G,-0.013775278512967748,-0.03473907662933076,0.007188519603395263
2000Q1,P51G,-0.013628587842387135,-0.03436035788932913,0.0071031822045548604
2000Q2,P51G,-0.013449311538045117,-0.03395965772642384,0.007061034650333604
2000Q3,P51G,-0.01324974746292935,-0.03354909694607518,0.007049602020216473
2000Q4,P51G,-0.013025763065094943,-0.0331243274243968,0.007072801294206912
2001Q1,P51G,-0.012779051060323524,-0.032686794903174804,0.007128692782527757
2001Q2,P51G,-0.012540260842321384,-0.03226687670216792,0.00718635501752515
2001Q3,P51G,-0.012266960553100923,-0.031821849355138064,0.007287928248936218
2001Q4,P51G,-0.011958455467007797,-0.0313507118915397,0.007433800957524106
2002Q1,P51G,-0.011612124434086286,-0.030850526572847124,0.007626277704674552
2002Q2,P51G,-0.011231297085864064,-0.030324299844956486,0.007861705673228359
2002Q3,P51G,-0.01083000734110497,-0.02978573909793337,0.008125724415723429
2002Q4,P51G,-0.010424992474655677,-0.02925125454563166,0.008401269596320305
2003Q1,P51G,-0.010028844800112263,-0.02873311332129608,0.008675423721071555
2003Q2,P51G,-0.009656783076114603,-0.028246212940624106,0.0089326467883949
2003Q3,P51G,-0.009304019480709885,-0.0277854500149515,0.009177411053531731
2003Q4,P51G,-0.00897061312408557,-0.027350575219893307,0.009409348971722166
2004Q1,P51G,-0.008657401290274501,-0.02694212574211368,0.009627323161564678
2004Q2,P51G,-0.008358422578431744,-0.02655384940414553,0.009837004247282042
2004Q3,P51G,-0.00807201853577659,-0.026183807086119056,0.010039770014565876
2004Q4,P51G,-0.007794909230137082,-0.02582844891672478,0.010238630456450615
2005Q1,P51G,-0.007525533084368451,-0.025485954577859266,0.010434888409122364
2005Q2,P51G,-0.007260200801150023,-0.025152387571577825,0.01063198596927778
2005Q3,P51G,-0.0069994876960948055,-0.024828087785497322,0.010829112393307711
2005Q4,P51G,-0.006745329875275707,-0.02451476780918864,0.011024108058637225
2006Q1,P51G,-0.006496421755606363,-0.024210910514790386,0.011218067003577662
2006Q2,P51G,-0.0062490339055188086,-0.023912586892562503,0.011414519081524884
2006Q3,P51G,-0.005992808399857058,-0.023609251347177035,0.011623634547462921
2006Q4,P51G,-0.005749344664605787,-0.023322327440958787,0.011823638111747213
2007Q1,P51G,-0.005517048545887358,-0.02305005682792545,0.012015959736150732
2007Q2,P51G,-0.0052812878873349685,-0.02277765467107666,0.012215078896406724
2007Q3,P51G,-0.005041968672743197,-0.022504885607196427,0.012420948261710035
2007Q4,P51G,-0.004795439553442929,-0.022227968085091306,0.012637088978205448
2008Q1,P51G,-0.004526795226006006,-0.02193187754854189,0.01287828709652988
2008Q2,P51G,-0.0042348547009720995,-0.021615324509607972,0.013145615107663773
2008Q3,P51G,-0.003916942615382465,-0.021275535669367927,0.013441650438602999
2008Q4,P51G,-0.003578918917901767,-0.020918283418584337,0.013760445582780804
2009Q1,P51G,-0.003225444904949644,-0.020548151699903403,0.014097261890004115
2009Q2,P51G,-0.002878359186728026,-0.020186911813190062,0.01443019343973401
2009Q3,P51G,-0.002529598505753501,-0.019826443088902357,0.014767246077395357
2009Q4,P51G,-0.002167745494551381,-0.019455280518077357,0.015119789528974595
2010Q1,P51G,-0.001796549869297285,-0.019077135837288477,0.015484036098693907
2010Q2,P51G,-0.0014098300954769154,-0.01868579910590905,0.015866138914955218
2010Q3,P51G,-0.0009938063917896613,-0.018267471642888056,0.016279858859308736
2010Q4,P51G,-0.0005597283042855453,-0.017833393555744703,0.016713936947173616
2011Q1,P51G,-8.89886608710401e-05,-0.017364957672386935,0.017186980350644854
2011Q2,P51G,0.0003973599313688708,-0.016883226038433514,0.017677945901171256
2011Q3,P51G,0.0008886576270530737,-0.01639887739901893,0.01817619265312508
2011Q4,P51G,0.0013761505193175018,-0.01592069406712261,0.018672995105757612
2012Q1,P51G,0.0018464922233896522,-0.01546206040712226,0.019155044853901564
2012Q2,P51G,0.0022990959843687403,-0.015023610815409965,0.019621802784147446
2012Q3,P51G,0.002706917634873615,-0.014632446871428482,0.020046282141175712
2012Q4,P51G,0.003070496832197213,-0.014288096228224998,0.020429089892619424
2013Q1,P51G,0.0033862666846788923,-0.013994203131236747,0.020766736500594532
2013Q2,P51G,0.0036525788019646684,-0.013752503528723033,0.02105766113265237
2013Q3,P51G,0.0038799654737392275,-0.013552563066965308,0.021312494014443763
2013Q4,P51G,0.004070835680580309,-0.013392081263869052,0.02153375262502967
2014Q1,P51G,0.004233718640776903,-0.013262648153939913,0.02173008543549372
2014Q2,P51G,0.004363502553030954,-0.013169505741003723,0.021896510847065634
2014Q3,P51G,0.004465978787501471,-0.013107004001915558,0.022038961576918502
2014Q4,P51G,0.004546242109761222,-0.013070200851739775,0.02216268507126222
2015Q1,P51G,0.004610079094491778,-0.013053473907903089,0.022273632096886646
2015Q2,P51G,0.004662870029801225,-0.013051618745960952,0.0223773588055634
2015Q3,P51G,0.004705675574182776,-0.013063762377595798,0.022475113525961352
2015Q4,P51G,0.004731929874844062,-0.01309667023377582,0.02256052998346394
2016Q1,P51G,0.004744664925633176,-0.01314752186543167,0.022636851716698023
2016Q2,P51G,0.004736405660659139,-0.013224015854960062,0.022696827176278342
2016Q3,P51G,0.004708340897030492,-0.013325198813252266,0.022741880607313247
2016Q4,P51G,0.004663956769702129,-0.013447831805981005,0.022775745345385262
2017Q1,P51G,0.0046171872865617995,-0.013578239566220712,0.022812614139344312
2017Q2,P51G,0.004570069258859902,-0.013714655221861882,0.022854793739581686
2017Q3,P51G,0.004528706224259198,-0.01385125590233404,0.022908668350852437
2017Q4,P51G,0.004490834023377504,-0.013990596543644485,0.022972264590399492
2018Q1,P51G,0.0044624117219763705,-0.014127018177403017,0.02305184162135576
2018Q2,P51G,0.004437921919657381,-0.014266346638582799,0.023142190477897562
2018Q3,P51G,0.00442094560173144,-0.014405316508586211,0.023247207712049092
2018Q4,P51G,0.004412774227538463,-0.014542957571017109,0.023368506026094034
2019Q1,P51G,0.004417934487995446,-0.014675068315310574,0.023510937291301465
2019Q2,P51G,0.004441142272780712,-0.014797259912781113,0.023679544458342534
2019Q3,P51G,0.004477055369901705,-0.014915201104118673,0.023869311843922082
2019Q4,P51G,0.0045221174120552085,-0.015032771442256187,0.024077006266366604
2020Q1,P51G,0.004573231725364479,-0.015153384189637452,0.024299847640366412
2020Q2,P51G,0.0046251626487164655,-0.015282581252262423,0.024532906549695352
2020Q3,P51G,0.0046466271641341095,-0.015451937256352941,0.02474519158462116
2020Q4,P51G,0.004664443255536395,-0.015634906291930123,0.024963792803002913
2021Q1,P51G,0.004677512700806477,-0.015832833555097025,0.02518785895670998
2021Q2,P51G,0.004691738308174185,-0.01604003180955375,0.02542350842590212
2021Q3,P51G,0.004707559323298264,-0.01625623886715498,0.025671357513751505
2021Q4,P51G,0.004722679473513781,-0.016483881541902827,0.02592924048893039
2022Q1,P51G,0.0047464381317400784,-0.01671369551065885,0.026206571774139008
2022Q2,P51G,0.004779998312824324,-0.016944527279151224,0.026504523904799876
2022Q3,P51G,0.004808733760743449,-0.017190935903012686,0.026808403424499586
2022Q4,P51G,0.004831711442133634,-0.017453698055432388,0.027117120939699656
2023Q1,P51G,0.004851812634655837,-0.017729673162163652,0.02743329843147533
2023Q2,P51G,0.004871680738743079,-0.018015840391822517,0.027759201869308678
2023Q3,P51G,0.004889752169482899,-0.0183132510758958,0.0280927554148616
2023Q4,P51G,0.004911199425521869,-0.018616067418301352,0.02843846626934509
2024Q1,P51G,0.004937315352459615,-0.0189221584749465,0.02879678917986573
2024Q2,P51G,0.004956419667686623,-0.01924217239770628,0.02915501173307953
2024Q3,P51G,0.0049701391689588904,-0.01957323367695686,0.029513512014874642
2024Q4,P51G,0.004988026254612934,-0.01990430105089009,0.02988035356011596
2025Q1,P51G,0.005005104721355452,-0.020238597614531676,0.030248807057242578
2025Q2,P51G,0.005012322651852608,-0.020583134106808183,0.030607779410513403
2025Q3,P51G,0.005012322651852608,-0.020932916324029723,0.030957561627734935
1996Q1,P61,-0.0004081037834058332,-0.0004081037834058332,-0.0004081037834058332
1996Q2,P61,-0.00040810378413880244,-0.00040810378413880244,-0.00040810378413880244
1996Q3,P61,-0.0004081037667453824,-0.006380386787579265,0.0055641792540885
1996Q4,P61,-0.000408103759306222,-0.006380383623822461,0.005564176105210017
1997Q1,P61,-0.0004081037512227992,-0.006380380468572673,0.005564172966127074
1997Q2,P61,-0.00040810374069412403,-0.006380377323797148,0.0055641698424089
1997Q3,P61,-0.00040810372428977393,-0.006380374188483103,0.005564166739903555
1997Q4,P61,-0.00040810370265430274,-0.006380371065656724,0.005564163660348119
1998Q1,P61,-0.0004081036708002486,-0.006380367952667277,0.00556416061106678
1998Q2,P61,-0.00040810363221932544,-0.006380364855320678,0.0055641575908820275
1998Q3,P61,-0.00040810358128556823,-0.006380361770251648,0.005564154607680512
1998Q4,P61,-0.00040810351867581057,-0.006380358700361673,0.005564151663010052
1999Q1,P61,-0.0004081034461883952,-0.006380355649606894,0.005564148757230104
1999Q2,P61,-0.0004081033645522928,-0.006380352620840811,0.005564145891736225
1999Q3,P61,-0.000408103274714678,-0.006380349617094944,0.005564143067665588
1999Q4,P61,-0.0004081031736144231,-0.006380346637338633,0.005564140290109786
2000Q1,P61,-0.0004081030615586999,-0.006380343683868641,0.005564137560751241
2000Q2,P61,-0.00040810293722753736,-0.00638034075730979,0.005564134882854716
2000Q3,P61,-0.0004081028034849006,-0.0063803378624230625,0.005564132255453261
2000Q4,P61,-0.00040810265879479696,-0.006380334999526001,0.005564129681936407
2001Q1,P61,-0.00040810250049739573,-0.006380332167766839,0.005564127166772048
2001Q2,P61,-0.0004081023333955165,-0.006380329373711094,0.005564124706920061
2001Q3,P61,-0.00040810215995254646,-0.006380326621539792,0.005564122301634699
2001Q4,P61,-0.00040810198356986543,-0.006380323916326517,0.005564119949186786
2002Q1,P61,-0.0004081018028049641,-0.006380321258255962,0.005564117652646034
2002Q2,P61,-0.00040810161914139713,-0.006380318650393769,0.005564115412110974
2002Q3,P61,-0.0004081014294426491,-0.006380316091140258,0.00556411323225496
2002Q4,P61,-0.0004081012362046055,-0.006380313584482922,0.005564111112073711
2003Q1,P61,-0.0004081010371433467,-0.006380311129584039,0.005564109055297346
2003Q2,P61,-0.00040810082945625173,-0.00638030872504235,0.005564107066129847
2003Q3,P61,-0.0004081006104984515,-0.0063803063695689315,0.005564105148572029
2003Q4,P61,-0.00040810038691722894,-0.006380304071121834,0.005564103297287376
2004Q1,P61,-0.0004081001563918498,-0.006380301828645993,0.005564101515862293
2004Q2,P61,-0.0004080999199026101,-0.006380299644341939,0.005564099804536719
2004Q3,P61,-0.00040809967266495486,-0.006380297514600437,0.005564098169270528
2004Q4,P61,-0.00040809941976070567,-0.006380295445633325,0.005564096606111913
2005Q1,P61,-0.0004080991540373101,-0.006380293431372775,0.0055640951232981545
2005Q2,P61,-0.0004080988879564089,-0.00638029148532008,0.005564093709407262
2005Q3,P61,-0.00040809861740013706,-0.006380289604351779,0.0055640923695515045
2005Q4,P61,-0.00040809834452091697,-0.00638028779156944,0.005564091102527606
2006Q1,P61,-0.0004080980702451543,-0.006380286048803512,0.005564089908313204
2006Q2,P61,-0.00040809779330573323,-0.006380284375645666,0.005564088789034199
2006Q3,P61,-0.0004080975064594131,-0.00638028276566626,0.0055640877527474335
2006Q4,P61,-0.00040809720494527696,-0.0063802812148728,0.005564086804982247
2007Q1,P61,-0.00040809689246072895,-0.006380279727685863,0.0055640859427644055
2007Q2,P61,-0.0004080965678584091,-0.006380278303636111,0.005564085167919293
2007Q3,P61,-0.00040809623382766225,-0.0063802769460456765,0.005564084478390352
2007Q4,P61,-0.0004080958927565907,-0.006380275657890275,0.005564083872377093
2008Q1,P61,-0.0004080955453101146,-0.006380274440377225,0.005564083349756996
2008Q2,P61,-0.0004080951861909158,-0.006380273288706425,0.005564082916324593
2008Q3,P61,-0.00040809482172653264,-0.006380272209657389,0.005564082566204324
2008Q4,P61,-0.00040809445543255616,-0.006380271207152526,0.005564082296287413
2009Q1,P61,-0.000408094108038215,-0.006380270302282658,0.005564082086206228
2009Q2,P61,-0.0004080937999580876,-0.006380269515778777,0.005564081915862602
2009Q3,P61,-0.00040809352383395885,-0.006380268840553867,0.005564081792885949
2009Q4,P61,-0.0004080932721890161,-0.006380268269357109,0.005564081724979077
2010Q1,P61,-0.0004080930454392166,-0.0063802678027852664,0.005564081711906833
2010Q2,P61,-0.0004080928399730205,-0.006380267437362399,0.005564081757416358
2010Q3,P61,-0.00040809265666781874,-0.006380267174056295,0.005564081860720657
2010Q4,P61,-0.00040809249232599733,-0.006380267009714544,0.005564082025062549
2011Q1,P61,-0.0004080923465561784,-0.006380266943945769,0.005564082250833412
2011Q2,P61,-0.00040809222061460437,-0.0063802669779610115,0.005564082536731803
2011Q3,P61,-0.0004080921100118942,-0.0063802671071804895,0.005564082887156701
2011Q4,P61,-0.00040809201473922946,-0.006380267331459783,0.005564083301981324
2012Q1,P61,-0.0004080919339653861,-0.0063802676497868634,0.005564083781856091
2012Q2,P61,-0.0004080918638539356,-0.006380268058099309,0.005564084330391438
2012Q3,P61,-0.0004080918104778608,-0.0063802685621988965,0.005564084941243174
2012Q4,P61,-0.0004080917753310925,-0.006380269163263156,0.0055640856126009716
2013Q1,P61,-0.00040809176197574397,-0.006380269864492598,0.00556408634054111
2013Q2,P61,-0.0004080917626600026,-0.006380270657728606,0.005564087132408602
2013Q3,P61,-0.00040809177369114584,-0.006380271538826462,0.0055640879914441695
2013Q4,P61,-0.0004080917934828074,-0.006380272505702591,0.005564088918736976
2014Q1,P61,-0.00040809182348813594,-0.006380273559267742,0.005564089912291469
2014Q2,P61,-0.00040809186751726415,-0.006380274702744444,0.005564090967709916
2014Q3,P61,-0.00040809192109927906,-0.006380275931028981,0.005564092088830422
2014Q4,P61,-0.00040809198442501803,-0.006380277243634195,0.005564093274784158
2015Q1,P61,-0.00040809205124101255,-0.006380278633583408,0.005564094531101382
2015Q2,P61,-0.0004080921199993031,-0.006380280098560261,0.005564095858561654
2015Q3,P61,-0.00040809219153860364,-0.006380281638589868,0.00556409725551266
2015Q4,P61,-0.0004080922664143572,-0.006380283253368869,0.005564098720540154
2016Q1,P61,-0.0004080923457970918,-0.006380284943163794,0.00556410025156961
2016Q2,P61,-0.0004080924303561416,-0.006380286707694773,0.0055641018469824895
2016Q3,P61,-0.00040809252049805057,-0.006380288546373951,0.00556410350537785
2016Q4,P61,-0.00040809261148272696,-0.00638029045342164,0.005564105230456186
2017Q1,P61,-0.0004080927033522719,-0.0063802924277951405,0.005564107021090597
2017Q2,P61,-0.00040809279149628066,-0.006380294463754052,0.005564108880761491
2017Q3,P61,-0.00040809288177834986,-0.006380296565986772,0.005564110802430073
2017Q4,P61,-0.0004080929715920205,-0.006380298730666446,0.005564112787482404
2018Q1,P61,-0.0004080930571918461,-0.006380300952782035,0.005564114838398343
2018Q2,P61,-0.00040809313622625716,-0.006380303228671173,0.005564116956218659
2018Q3,P61,-0.0004080932112186596,-0.0063803055595012745,0.005564119137063955
2018Q4,P61,-0.0004080932847713714,-0.006380307946473466,0.005564121376930724
2019Q1,P61,-0.0004080933610905894,-0.006380310392347556,0.005564123670166376
2019Q2,P61,-0.00040809343176250194,-0.006380312887218143,0.005564126023693139
2019Q3,P61,-0.0004080935014758746,-0.006380315434237206,0.005564128431285457
2019Q4,P61,-0.0004080935753359765,-0.006380318036928033,0.005564130886256079
2020Q1,P61,-0.00040809364870356146,-0.006380320689024191,0.005564133391617068
2020Q2,P61,-0.00040809373318140057,-0.006380323400456071,0.005564135934093271
2020Q3,P61,-0.00040809388715679507,-0.006380326227893398,0.005564138453579808
2020Q4,P61,-0.00040809403255300056,-0.006380329091496651,0.00556414102639065
2021Q1,P61,-0.00040809416414906697,-0.006380331984236903,0.005564143655938769
2021Q2,P61,-0.00040809427699729827,-0.00638033489931329,0.005564146345318693
2021Q3,P61,-0.0004080943871954761,-0.006380337850925224,0.005564149076534271
2021Q4,P61,-0.0004080944926775524,-0.006380340835063092,0.005564151849707987
2022Q1,P61,-0.00040809458890455274,-0.006380343845199158,0.005564154667390052
2022Q2,P61,-0.00040809467441705596,-0.006380346877840039,0.005564157529005926
2022Q3,P61,-0.0004080947435186797,-0.006380349925210197,0.005564160438172839
2022Q4,P61,-0.000408094795988955,-0.0063803529849648126,0.005564163392986903
2023Q1,P61,-0.00040809484084912493,-0.006380356063955579,0.005564166382257329
2023Q2,P61,-0.0004080948758454017,-0.006380359157713963,0.005564169406023159
2023Q3,P61,-0.00040809490508072246,-0.006380362268082962,0.005564172457921517
2023Q4,P61,-0.00040809493224582005,-0.00638036539644817,0.00556417553195653
2024Q1,P61,-0.0004080949574337943,-0.006380368540552358,0.00556417862568477
2024Q2,P61,-0.0004080949768263272,-0.006380371694181678,0.005564181740529025
2024Q3,P61,-0.0004080949886145888,-0.006380374853086577,0.005564184875857399
2024Q4,P61,-0.0004080949957650403,-0.0063803780177475984,0.005564188026217518
2025Q1,P61,-0.0004080949997242408,-0.006380381187080189,0.005564191187631707
2025Q2,P61,-0.000408095001151457,-0.006380384359167307,0.005564194356864393
2025Q3,P61,-0.000408095001151457,-0.006380387532492219,0.005564197530189305
1996Q1,P62,0.0025157609884196575,-0.012403218996353469,0.017434740973192784
1996Q2,P62,0.002515761007089168,-0.01638961911900401,0.021421141133182345
1996Q3,P62,0.0025157609191994723,-0.002038972224001733,0.007070494062400678
1996Q4,P62,0.0025157608928642883,-0.002038967978227912,0.0070704897639564885
1997Q1,P62,0.0025157608620035576,-0.0020389637511622058,0.007070485475169321
1997Q2,P62,0.002515760826619612,-0.002038959546151637,0.007070481199390861
1997Q3,P62,0.002515760790707977,-0.0020389553622804308,0.007070476943696385
1997Q4,P62,0.002515760753345142,-0.002038951203857991,0.007070472710548275
1998Q1,P62,0.0025157607144857125,-0.002038947074061631,0.007070468503033056
1998Q2,P62,0.0025157606826044093,-0.0020389429675531463,0.007070464332761965
1998Q3,P62,0.0025157606556488743,-0.0020389388894442202,0.007070460200741969
1998Q4,P62,0.0025157606367577565,-0.0020389348395909697,0.007070456113106483
1999Q1,P62,0.002515760617752093,-0.002038930829108403,0.007070452064612589
1999Q2,P62,0.002515760599183535,-0.002038926860318784,0.007070448058685854
1999Q3,P62,0.0025157605843102032,-0.0020389229327782117,0.007070444101398618
1999Q4,P62,0.002515760573231279,-0.002038919049137589,0.007070440195600147
2000Q1,P62,0.002515760570193863,-0.002038915207842912,0.007070436348230638
2000Q2,P62,0.0025157605767442068,-0.0020389114099750296,0.007070432563463443
2000Q3,P62,0.0025157605921024614,-0.002038907658884076,0.007070428843088999
2000Q4,P62,0.002515760616336212,-0.002038903957008802,0.0070704251896812256
2001Q1,P62,0.0025157606555764513,-0.002038900300664808,0.0070704216118177106
2001Q2,P62,0.002515760705171827,-0.00203889669688871,0.007070418107232364
2001Q3,P62,0.0025157607677481703,-0.0020388931453778963,0.007070414680874237
2001Q4,P62,0.002515760840732303,-0.002038889650968644,0.00707041133243325
2002Q1,P62,0.0025157609259187875,-0.0020388862140678305,0.0070704080659054055
2002Q2,P62,0.0025157610212373184,-0.0020388828388865268,0.0070704048813611635
2002Q3,P62,0.002515761124674311,-0.002038879529517379,0.007070401778866001
2002Q4,P62,0.0025157612344464714,-0.0020388762897618185,0.007070398758654761
2003Q1,P62,0.002515761346595108,-0.0020388731255353777,0.007070395818725594
2003Q2,P62,0.002515761459001896,-0.0020388700408524095,0.007070392958856201
2003Q3,P62,0.0025157615690617114,-0.0020388670401526037,0.007070390178276027
2003Q4,P62,0.002515761682417489,-0.002038864119566665,0.007070387484401643
2004Q1,P62,0.0025157617975084057,-0.002038861282367628,0.007070384877384439
2004Q2,P62,0.0025157619163637852,-0.0020388585281773527,0.007070382360904923
2004Q3,P62,0.0025157620428166117,-0.002038855854753013,0.007070379940386237
2004Q4,P62,0.0025157621723827473,-0.002038853268107586,0.0070703776128730805
2005Q1,P62,0.0025157623040804934,-0.0020388507706905162,0.0070703753788515025
2005Q2,P62,0.0025157624366481993,-0.002038848365170059,0.007070373238466458
2005Q3,P62,0.002515762569910011,-0.002038846053067498,0.00707037119288752
2005Q4,P62,0.0025157627015990856,-0.002038843837933974,0.0070703692411321455
2006Q1,P62,0.002515762835107304,-0.002038841717600698,0.007070367387815306
2006Q2,P62,0.0025157629788273533,-0.0020388396848369634,0.00707036564249167
2006Q3,P62,0.0025157631326032342,-0.0020388377408995834,0.007070364006106052
2006Q4,P62,0.0025157632960834853,-0.0020388358871796844,0.0070703624793466546
2007Q1,P62,0.002515763476665687,-0.002038834117258195,0.007070361070589569
2007Q2,P62,0.0025157636751043013,-0.0020388324312979747,0.007070359781506577
2007Q3,P62,0.0025157638941827962,-0.0020388308273717745,0.007070358615737367
2007Q4,P62,0.0025157641364352266,-0.002038829303740546,0.007070357576611
2008Q1,P62,0.002515764400884971,-0.0020388278621148105,0.007070356663884753
2008Q2,P62,0.002515764687153418,-0.0020388265035458874,0.007070355877852723
2008Q3,P62,0.002515764991712818,-0.0020388252321731056,0.0070703552155987415
2008Q4,P62,0.0025157653103179325,-0.002038824052792104,0.007070354673427969
2009Q1,P62,0.0025157656415178064,-0.0020388229673430893,0.007070354250378702
2009Q2,P62,0.0025157659780922653,-0.0020388219834743403,0.007070353939658871
2009Q3,P62,0.0025157663130131944,-0.0020388211085809096,0.007070353734607298
2009Q4,P62,0.002515766651881663,-0.0020388203373675087,0.007070353641130834
2010Q1,P62,0.0025157669911182136,-0.0020388196736582298,0.007070353655894657
2010Q2,P62,0.002515767328672895,-0.002038819119686482,0.007070353777032272
2010Q3,P62,0.0025157676691085953,-0.0020388186710117023,0.007070354009228893
2010Q4,P62,0.002515768011638333,-0.00203881832848202,0.007070354351758686
2011Q1,P62,0.0025157683560511008,-0.0020388180923084495,0.007070354804410651
2011Q2,P62,0.0025157687004683277,-0.0020388179643083966,0.007070355365245052
2011Q3,P62,0.0025157690463233013,-0.002038817942926272,0.007070356035572874
2011Q4,P62,0.002515769389853247,-0.0020388180317413703,0.0070703568114478645
2012Q1,P62,0.002515769729343871,-0.00203881823222336,0.007070357690911102
2012Q2,P62,0.0025157700635212743,-0.002038818545340358,0.007070358672382907
2012Q3,P62,0.002515770391679295,-0.002038818971431587,0.0070703597547901766
2012Q4,P62,0.0025157707110204184,-0.0020388195128664627,0.0070703609349072995
2013Q1,P62,0.0025157710223011687,-0.0020388201683992123,0.00707036221300155
2013Q2,P62,0.002515771325351384,-0.0020388209376495806,0.007070363588352348
2013Q3,P62,0.00251577162715059,-0.002038821813026479,0.007070365067327659
2013Q4,P62,0.0025157719267547736,-0.002038822794801199,0.007070366648310746
2014Q1,P62,0.00251577222145157,-0.0020388238849522273,0.0070703683278553675
2014Q2,P62,0.002515772511705861,-0.002038825082219646,0.0070703701056313685
2014Q3,P62,0.0025157727965430454,-0.002038826386721866,0.007070371979807957
2014Q4,P62,0.002515773076418569,-0.0020388277970860924,0.007070373949923231
2015Q1,P62,0.0025157733493649127,-0.002038829314301346,0.007070376013031171
2015Q2,P62,0.0025157736206911814,-0.002038830932018858,0.007070378173401221
2015Q3,P62,0.002515773887084267,-0.002038832652450929,0.007070380426619463
2015Q4,P62,0.0025157741427721965,-0.002038834480207559,0.0070703827657519515
2016Q1,P62,0.002515774388626044,-0.0020388364131945502,0.007070385190446638
2016Q2,P62,0.0025157746219493047,-0.0020388384528241283,0.007070387696722738
2016Q3,P62,0.0025157748450078494,-0.0020388405954849895,0.007070390285500688
2016Q4,P62,0.002515775063865522,-0.0020388428337067,0.007070392961437744
2017Q1,P62,0.002515775281285746,-0.0020388451632580937,0.007070395725829586
2017Q2,P62,0.0025157755011888682,-0.0020388475786899244,0.007070398581067661
2017Q3,P62,0.002515775727017991,-0.0020388500749690384,0.007070401529005021
2017Q4,P62,0.002515775959359512,-0.0020388526498578345,0.007070404568576858
2018Q1,P62,0.0025157761980156177,-0.0020388553018417643,0.007070407697873
2018Q2,P62,0.002515776441781586,-0.002038858030352036,0.007070410913915208
2018Q3,P62,0.0025157766944433483,-0.0020388608297680546,0.007070414218654751
2018Q4,P62,0.0025157769493931973,-0.002038863704801708,0.007070417603588102
2019Q1,P62,0.0025157772097154185,-0.002038866650411738,0.007070421069842575
2019Q2,P62,0.002515777474887512,-0.0020388696651025234,0.007070424614877547
2019Q3,P62,0.002515777741408116,-0.002038872750296145,0.007070428233112377
2019Q4,P62,0.002515778014581046,-0.0020388758985483606,0.007070431927710453
2020Q1,P62,0.0025157782917421584,-0.002038879110321736,0.0070704356938060525
2020Q2,P62,0.0025157785482910603,-0.0020388824079539294,0.00707043950453605
2020Q3,P62,0.002515778666044471,-0.0020388859073043435,0.007070443239393286
2020Q4,P62,0.002515778706582691,-0.0020388895444076404,0.007070446957573022
2021Q1,P62,0.002515778685279319,-0.0020388933014440424,0.007070450672002681
2021Q2,P62,0.0025157785904223687,-0.002038897187618199,0.007070454368462937
2021Q3,P62,0.002515778427837709,-0.0020389011945357613,0.007070458050211179
2021Q4,P62,0.0025157782390957412,-0.0020389052779966922,0.007070461756188175
2022Q1,P62,0.002515778049685056,-0.002038909409821623,0.007070465509191735
2022Q2,P62,0.0025157778605046505,-0.0020389135863596248,0.007070469307368926
2022Q3,P62,0.0025157776847347935,-0.002038917791617351,0.007070473161086938
2022Q4,P62,0.002515777526675393,-0.002038922018420667,0.007070477071771453
2023Q1,P62,0.0025157773863921868,-0.0020389262637684627,0.007070481036552836
2023Q2,P62,0.0025157772699307603,-0.002038930518618632,0.007070485058480153
2023Q3,P62,0.0025157771765324686,-0.002038934780672151,0.007070489133737088
2023Q4,P62,0.0025157771005660666,-0.0020389390524414527,0.007070493253573586
2024Q1,P62,0.0025157770411683156,-0.0020389433316098157,0.007070497413946447
2024Q2,P62,0.0025157769957194548,-0.002038947617555897,0.007070501608994807
2024Q3,P62,0.0025157769666498725,-0.0020389519045470573,0.007070505837846802
2024Q4,P62,0.002515776949986366,-0.002038956193193106,0.007070510093165838
2025Q1,P62,0.0025157769440072924,-0.002038960481791149,0.007070514369805734
2025Q2,P62,0.002515776943835619,-0.0020389647717325363,0.007070518659403774
2025Q3,P62,0.002515776943835619,-0.0020389690651061703,0.007070522952777408
1996Q1,P71,0.004505406228649811,-0.01480168561940155,0.02381249807670117
1996Q2,P71,0.004505633725784719,-0.015934832697129645,0.024946100148699083
1996Q3,P71,0.004505744284727831,-0.012443983189563763,0.021455471759019424
1996Q4,P71,0.004505220185692438,-0.012249158430953463,0.02125959880233834
1997Q1,P71,0.004503906914350042,-0.01205422853015703,0.021062042358857114
1997Q2,P71,0.004501548914155856,-0.011859727435424273,0.020862825263735986
1997Q3,P71,0.004497687631446923,-0.011666386405724566,0.02066176166861841
1997Q4,P71,0.004492201825139458,-0.01147459342539148,0.020458997075670397
1998Q1,P71,0.004484549976519342,-0.011285150551748478,0.02025425050478716
1998Q2,P71,0.004474046269177218,-0.011098997723219284,0.020047090261573718
1998Q3,P71,0.004459481532575277,-0.010917591631155563,0.019836554696306116
1998Q4,P71,0.004441307238598841,-0.010740721563590818,0.0196233360407885
1999Q1,P71,0.004418973173446646,-0.010569171596146499,0.01940711794303979
1999Q2,P71,0.0043921471698350825,-0.010403500743102779,0.019187795082772942
1999Q3,P71,0.004360971964247704,-0.010243786002048174,0.01896572993054358
1999Q4,P71,0.004325132791162702,-0.010090554678656629,0.018740820260982033
2000Q1,P71,0.0042836326920910744,-0.009945009012353108,0.018512274396535258
2000Q2,P71,0.004236791448211055,-0.009807027192961688,0.018280610089383798
2000Q3,P71,0.004184920185014908,-0.009676488718966368,0.018046329088996185
2000Q4,P71,0.004128398464018055,-0.009553197281571555,0.017809994209607667
2001Q1,P71,0.004066837259489416,-0.009437717776022862,0.017571392295001695
2001Q2,P71,0.004001563391705591,-0.009328891868267323,0.017332018651678507
2001Q3,P71,0.003931560490896494,-0.009227897042522791,0.017091018024315778
2001Q4,P71,0.0038574317772515666,-0.009134283844273113,0.016849147398776246
2002Q1,P71,0.003779652610197193,-0.009047723365490944,0.01660702858588533
2002Q2,P71,0.003698644180129426,-0.008967933599037445,0.016365221959296298
2002Q3,P71,0.003614531745563032,-0.008894921259509803,0.016123984750635867
2002Q4,P71,0.0035276917205006586,-0.00882843476605071,0.01588381820705203
2003Q1,P71,0.0034387334579264045,-0.008767982541595356,0.015645449457448165
2003Q2,P71,0.0033482652212326186,-0.008713067137170821,0.015409597579636058
2003Q3,P71,0.003255385474710059,-0.008664694050556922,0.01517546499997704
2003Q4,P71,0.003160344953132145,-0.00862270977971297,0.01494339968597726
2004Q1,P71,0.003063192642489023,-0.00858715597931095,0.014713541264288995
2004Q2,P71,0.002963623254261187,-0.008558422138320695,0.014485668646843069
2004Q3,P71,0.0028612875227509334,-0.008536935449368377,0.014259510494870243
2004Q4,P71,0.002756537704307116,-0.008522415491151613,0.014035490899765845
2005Q1,P71,0.002647949520015607,-0.008516352482302906,0.01381225152233412
2005Q2,P71,0.002536793897303602,-0.008517535751037994,0.013591123545645198
2005Q3,P71,0.002422922798072512,-0.008526168132553432,0.013372013728698456
2005Q4,P71,0.002306851925930605,-0.00854178350095116,0.01315548735281237
2006Q1,P71,0.0021885176709609995,-0.008564490076356613,0.012941525418278612
2006Q2,P71,0.0020675295625715764,-0.008594718235524861,0.012729777360668014
2006Q3,P71,0.0019434309127302589,-0.008632960142202124,0.012519821967662641
2006Q4,P71,0.0018164311058252083,-0.008679037739303919,0.012311899950954336
2007Q1,P71,0.0016867055453668473,-0.008732803090728124,0.012106214181461818
2007Q2,P71,0.0015540357868636112,-0.008794498541253585,0.011902570114980807
2007Q3,P71,0.0014180819215522597,-0.008864484627394417,0.011700648470498936
2007Q4,P71,0.0012790682662876945,-0.008942554681252097,0.011500691213827486
2008Q1,P71,0.001136973770787291,-0.009028744713348759,0.01130269225492334
2008Q2,P71,0.0009908880872318455,-0.009123977626491355,0.011105753800955047
2008Q3,P71,0.0008415464807098282,-0.009227528579152707,0.010910621540572363
2008Q4,P71,0.0006896552307520225,-0.009338699845067893,0.010718010306571938
2009Q1,P71,0.0005372645315186927,-0.009455448158458854,0.01052997722149624
2009Q2,P71,0.00038727926284839315,-0.009574874169739041,0.010349432695435827
2009Q3,P71,0.00023953589272798434,-0.009697145748344613,0.010176217533800581
2009Q4,P71,9.228800519840014e-05,-0.009824012636085244,0.010008588646482044
2010Q1,P71,-5.473998852960696e-05,-0.009955752890903573,0.00984627291384436
2010Q2,P71,-0.00020151740714041515,-0.010092337570403133,0.009689302756122302
2010Q3,P71,-0.0003484080226352389,-0.010234131551639375,0.009537315506368898
2010Q4,P71,-0.0004941675780663606,-0.010379891113834796,0.009391555957702075
2011Q1,P71,-0.0006403509948298934,-0.010531171178384488,0.009250469188724702
2011Q2,P71,-0.0007844544208349923,-0.010685467357025318,0.009116558515355333
2011Q3,P71,-0.0009258974967983873,-0.010842198185417574,0.0089904031918208
2011Q4,P71,-0.0010635677380424619,-0.011000249439962069,0.008873113963877145
2012Q1,P71,-0.0011963564988544083,-0.011158510005789898,0.008765797008081081
2012Q2,P71,-0.0013244216386045886,-0.011317134416417777,0.0086682911392086
2012Q3,P71,-0.0014458515512152728,-0.011474206728341438,0.008582503625910893
2012Q4,P71,-0.0015607778917458397,-0.011629853066364269,0.00850829728287259
2013Q1,P71,-0.00166895909592071,-0.011783824937823945,0.008445906745982525
2013Q2,P71,-0.001770631525734142,-0.011936350151443688,0.008395087099975404
2013Q3,P71,-0.001866572841806493,-0.012088195944276778,0.008355050260663792
2013Q4,P71,-0.001957242397717357,-0.01223980911490856,0.008325324319473845
2014Q1,P71,-0.002042646929537144,-0.012391181439162721,0.008305887580088434
2014Q2,P71,-0.0021227180165720744,-0.012542226847381176,0.008296790814237027
2014Q3,P71,-0.0021979229077938173,-0.012693391960776023,0.008297546145188388
2014Q4,P71,-0.0022687295560249766,-0.012845120831873148,0.008307661719823195
2015Q1,P71,-0.002335317225111445,-0.012997565257099955,0.008326930806877065
2015Q2,P71,-0.002398316893543931,-0.01315132488763252,0.008354691100544659
2015Q3,P71,-0.0024585358990525247,-0.01330717158547515,0.008390099787370101
2015Q4,P71,-0.0025153864094480333,-0.013464477612263364,0.0084337047933673
2016Q1,P71,-0.00256867694878375,-0.013623006881828796,0.008485652984261296
2016Q2,P71,-0.002618488073279515,-0.013782790372667424,0.008545814226108395
2016Q3,P71,-0.0026647758438031093,-0.013943729348534762,0.008614177660928542
2016Q4,P71,-0.0027081536507852296,-0.014106376944203613,0.008690069642633155
2017Q1,P71,-0.0027492284438554427,-0.014271274169569794,0.008772817281858908
2017Q2,P71,-0.0027881613826289233,-0.014438510349186043,0.008862187583928195
2017Q3,P71,-0.0028249031951026555,-0.014607958284104355,0.008958151893899043
2017Q4,P71,-0.0028597838108765337,-0.014779863703457562,0.009060296081704495
2018Q1,P71,-0.0028932554076319585,-0.014954588144247641,0.009168077328983724
2018Q2,P71,-0.0029254050809452955,-0.01513212146930066,0.009281311307410067
2018Q3,P71,-0.0029558364446234165,-0.015311963330334863,0.009400290441088031
2018Q4,P71,-0.002983932702585395,-0.015493386116831882,0.00952552071166109
2019Q1,P71,-0.003010127410286575,-0.015676705608309215,0.009656450787736066
2019Q2,P71,-0.0030355388885792084,-0.015862915292455145,0.009791837515296727
2019Q3,P71,-0.003059096166288317,-0.016050812224963865,0.009932619892387232
2019Q4,P71,-0.003080640928629985,-0.016240098907775367,0.010078817050515396
2020Q1,P71,-0.003099934107313918,-0.01643038982118115,0.010230521606553314
2020Q2,P71,-0.0031168708171799,-0.016621426314328665,0.010387684679968864
2020Q3,P71,-0.003121859225507277,-0.016803455440030216,0.010559736989015663
2020Q4,P71,-0.0031251613137920475,-0.01698657069353921,0.010736248065955117
2021Q1,P71,-0.003127739051917728,-0.017171558175205194,0.010916080071369738
2021Q2,P71,-0.0031301244507319077,-0.01735876664313663,0.011098517741672812
2021Q3,P71,-0.003131099458680952,-0.017546787421784848,0.011284588504422944
2021Q4,P71,-0.0031309069203923293,-0.01773566538475582,0.01147385154397116
2022Q1,P71,-0.0031310168340020904,-0.017926665249230898,0.011664631581226718
2022Q2,P71,-0.0031318421404127614,-0.018119987415942753,0.011856303135117228
2022Q3,P71,-0.003133105113884597,-0.018315134425057472,0.01204892419728828
2022Q4,P71,-0.003134963964023723,-0.018512037639172568,0.012242109711125122
2023Q1,P71,-0.003137082546788816,-0.018710127052407405,0.012435961958829771
2023Q2,P71,-0.003139331566851865,-0.01890903260949786,0.01263036947579413
2023Q3,P71,-0.003141226450193893,-0.019108022215586887,0.012825569315199101
2023Q4,P71,-0.0031424970311588756,-0.01930657158299503,0.013021577520677279
2024Q1,P71,-0.0031432503356847823,-0.019504527199017945,0.01321802652764838
2024Q2,P71,-0.003143338181613303,-0.019701474138268237,0.01341479777504163
2024Q3,P71,-0.003143182929557767,-0.019897562055967002,0.013611196196851466
2024Q4,P71,-0.0031433427023266295,-0.02009307068344538,0.01380638527879212
2025Q1,P71,-0.003143622169931732,-0.020287520926515208,0.014000276586651745
2025Q2,P71,-0.0031438277314830804,-0.020480430402042196,0.014192774939076034
2025Q3,P71,-0.0031438277314830804,-0.020671374054707342,0.01438371859174118
1996Q1,P72,-0.0009381286858456406,-0.0009381286858456406,-0.0009381286858456406
1996Q2,P72,-0.0009381286799907684,-0.0009381286799907684,-0.0009381286799907684
1996Q3,P72,-0.0009381288587532732,-0.0026247315533782945,0.000748473835871748
1996Q4,P72,-0.0009381288587533287,-0.0026247315536293667,0.0007484738361227092
1997Q1,P72,-0.0009381288587533287,-0.002624731553637925,0.0007484738361312675
1997Q2,P72,-0.0009381288587533305,-0.0026247315536187307,0.0007484738361120697
1997Q3,P72,-0.0009381288587533114,-0.002624731553614589,0.0007484738361079664
1997Q4,P72,-0.0009381288587533149,-0.0026247315536117918,0.0007484738361051623
1998Q1,P72,-0.0009381288587533218,-0.0026247315536083206,0.0007484738361016768
1998Q2,P72,-0.0009381288587533149,-0.002624731553608717,0.0007484738361020872
1998Q3,P72,-0.0009381288587533218,-0.002624731553609221,0.0007484738361025773
1998Q4,P72,-0.0009381288587533235,-0.0026247315536084095,0.0007484738361017624
1999Q1,P72,-0.0009381288587533218,-0.0026247315536086467,0.0007484738361020029
1999Q2,P72,-0.0009381288587533235,-0.0026247315536089355,0.0007484738361022885
1999Q3,P72,-0.0009381288587533253,-0.0026247315536087634,0.0007484738361021128
1999Q4,P72,-0.0009381288587533253,-0.0026247315536088453,0.0007484738361021948
2000Q1,P72,-0.0009381288587533287,-0.0026247315536089607,0.000748473836102303
2000Q2,P72,-0.0009381288587533305,-0.00262473155360909,0.000748473836102429
2000Q3,P72,-0.0009381288587533287,-0.0026247315536091125,0.000748473836102455
2000Q4,P72,-0.0009381288587533313,-0.002624731553609134,0.0007484738361024713
2001Q1,P72,-0.0009381288587533324,-0.0026247315536089178,0.0007484738361022529
2001Q2,P72,-0.0009381288587533337,-0.0026247315536089286,0.0007484738361022609
2001Q3,P72,-0.0009381288587533368,-0.0026247315536089342,0.0007484738361022607
2001Q4,P72,-0.0009381288587533374,-0.0026247315536088982,0.0007484738361022236
2002Q1,P72,-0.00093812885875334,-0.002624731553608893,0.0007484738361022128
2002Q2,P72,-0.0009381288587533435,-0.0026247315536088783,0.0007484738361021915
2002Q3,P72,-0.0009381288587533435,-0.0026247315536088124,0.0007484738361021256
2002Q4,P72,-0.0009381288587533465,-0.002624731553608822,0.0007484738361021289
2003Q1,P72,-0.0009381288587533487,-0.0026247315536087946,0.0007484738361020972
2003Q2,P72,-0.0009381288587533522,-0.0026247315536087903,0.0007484738361020859
2003Q3,P72,-0.0009381288587533539,-0.0026247315536087786,0.0007484738361020705
2003Q4,P72,-0.0009381288587533556,-0.0026247315536087577,0.0007484738361020465
2004Q1,P72,-0.0009381288587533582,-0.0026247315536087525,0.0007484738361020363
2004Q2,P72,-0.00093812885875336,-0.0026247315536087478,0.0007484738361020278
2004Q3,P72,-0.0009381288587533626,-0.0026247315536087413,0.0007484738361020159
2004Q4,P72,-0.0009381288587533643,-0.0026247315536087417,0.0007484738361020131
2005Q1,P72,-0.0009381288587533665,-0.002624731553608734,0.0007484738361020009
2005Q2,P72,-0.0009381288587533686,-0.0026247315536087196,0.0007484738361019823
2005Q3,P72,-0.000938128858753371,-0.0026247315536087157,0.0007484738361019736
2005Q4,P72,-0.0009381288587533734,-0.002624731553608704,0.0007484738361019569
2006Q1,P72,-0.000938128858753376,-0.0026247315536087005,0.0007484738361019487
2006Q2,P72,-0.0009381288587533782,-0.0026247315536086896,0.0007484738361019333
2006Q3,P72,-0.0009381288587533807,-0.002624731553608689,0.000748473836101928
2006Q4,P72,-0.0009381288587533834,-0.002624731553608679,0.000748473836101912
2007Q1,P72,-0.0009381288587533862,-0.0026247315536086736,0.0007484738361019014
2007Q2,P72,-0.0009381288587533891,-0.0026247315536086697,0.0007484738361018913
2007Q3,P72,-0.0009381288587533918,-0.0026247315536086623,0.0007484738361018786
2007Q4,P72,-0.0009381288587533952,-0.0026247315536086597,0.0007484738361018692
2008Q1,P72,-0.0009381288587533989,-0.002624731553608657,0.0007484738361018594
2008Q2,P72,-0.0009381288587534023,-0.002624731553608657,0.0007484738361018524
2008Q3,P72,-0.0009381288587534053,-0.002624731553608655,0.0007484738361018444
2008Q4,P72,-0.0009381288587534083,-0.0026247315536086545,0.0007484738361018379
2009Q1,P72,-0.0009381288587534119,-0.002624731553608655,0.000748473836101831
2009Q2,P72,-0.0009381288587534153,-0.002624731553608655,0.0007484738361018244
2009Q3,P72,-0.000938128858753419,-0.0026247315536086563,0.0007484738361018186
2009Q4,P72,-0.0009381288587534224,-0.002624731553608658,0.0007484738361018134
2010Q1,P72,-0.0009381288587534259,-0.0026247315536086597,0.0007484738361018082
2010Q2,P72,-0.0009381288587534296,-0.0026247315536086623,0.0007484738361018034
2010Q3,P72,-0.0009381288587534333,-0.0026247315536086667,0.0007484738361018004
2010Q4,P72,-0.0009381288587534372,-0.0026247315536086714,0.0007484738361017971
2011Q1,P72,-0.0009381288587534411,-0.002624731553608676,0.0007484738361017941
2011Q2,P72,-0.0009381288587534445,-0.0026247315536086805,0.0007484738361017913
2011Q3,P72,-0.0009381288587534482,-0.0026247315536086857,0.0007484738361017893
2011Q4,P72,-0.0009381288587534521,-0.002624731553608692,0.0007484738361017876
2012Q1,P72,-0.0009381288587534559,-0.002624731553608698,0.0007484738361017859
2012Q2,P72,-0.0009381288587534598,-0.0026247315536087053,0.0007484738361017855
2012Q3,P72,-0.0009381288587534634,-0.0026247315536087126,0.0007484738361017856
2012Q4,P72,-0.0009381288587534669,-0.0026247315536087196,0.000748473836101786
2013Q1,P72,-0.0009381288587534701,-0.0026247315536087274,0.0007484738361017873
2013Q2,P72,-0.0009381288587534732,-0.0026247315536087356,0.0007484738361017893
2013Q3,P72,-0.000938128858753476,-0.002624731553608744,0.0007484738361017919
2013Q4,P72,-0.0009381288587534788,-0.0026247315536087534,0.0007484738361017958
2014Q1,P72,-0.0009381288587534814,-0.002624731553608763,0.0007484738361018001
2014Q2,P72,-0.0009381288587534839,-0.002624731553608773,0.000748473836101805
2014Q3,P72,-0.0009381288587534863,-0.002624731553608783,0.0007484738361018104
2014Q4,P72,-0.0009381288587534888,-0.0026247315536087933,0.000748473836101816
2015Q1,P72,-0.0009381288587534912,-0.0026247315536088046,0.0007484738361018225
2015Q2,P72,-0.0009381288587534935,-0.0026247315536088163,0.0007484738361018292
2015Q3,P72,-0.0009381288587534957,-0.002624731553608828,0.0007484738361018364
2015Q4,P72,-0.0009381288587534978,-0.00262473155360884,0.0007484738361018447
2016Q1,P72,-0.0009381288587534998,-0.002624731553608853,0.0007484738361018533
2016Q2,P72,-0.0009381288587535019,-0.0026247315536088653,0.0007484738361018616
2016Q3,P72,-0.0009381288587535037,-0.0026247315536088787,0.0007484738361018713
2016Q4,P72,-0.0009381288587535055,-0.002624731553608892,0.0007484738361018815
2017Q1,P72,-0.0009381288587535073,-0.002624731553608906,0.0007484738361018915
2017Q2,P72,-0.000938128858753509,-0.002624731553608921,0.0007484738361019026
2017Q3,P72,-0.0009381288587535108,-0.0026247315536089355,0.0007484738361019141
2017Q4,P72,-0.0009381288587535124,-0.002624731553608951,0.0007484738361019263
2018Q1,P72,-0.000938128858753514,-0.0026247315536089668,0.0007484738361019386
2018Q2,P72,-0.0009381288587535156,-0.002624731553608982,0.000748473836101951
2018Q3,P72,-0.0009381288587535171,-0.0026247315536089984,0.0007484738361019644
2018Q4,P72,-0.0009381288587535184,-0.0026247315536090153,0.0007484738361019785
2019Q1,P72,-0.0009381288587535198,-0.0026247315536090323,0.0007484738361019927
2019Q2,P72,-0.0009381288587535212,-0.0026247315536090496,0.0007484738361020071
2019Q3,P72,-0.0009381288587535226,-0.002624731553609067,0.0007484738361020218
2019Q4,P72,-0.0009381288587535241,-0.0026247315536090847,0.0007484738361020367
2020Q1,P72,-0.0009381288587535256,-0.0026247315536091034,0.0007484738361020521
2020Q2,P72,-0.0009381288587535272,-0.002624731553609122,0.0007484738361020677
2020Q3,P72,-0.000938128858753528,-0.002624731553609141,0.0007484738361020849
2020Q4,P72,-0.0009381288587535286,-0.0026247315536091593,0.0007484738361021021
2021Q1,P72,-0.0009381288587535289,-0.0026247315536091775,0.00074847383610212
2021Q2,P72,-0.0009381288587535287,-0.0026247315536091958,0.0007484738361021386
2021Q3,P72,-0.0009381288587535282,-0.002624731553609214,0.0007484738361021577
2021Q4,P72,-0.0009381288587535278,-0.002624731553609233,0.0007484738361021774
2022Q1,P72,-0.0009381288587535273,-0.0026247315536092513,0.0007484738361021969
2022Q2,P72,-0.0009381288587535267,-0.0026247315536092703,0.0007484738361022169
2022Q3,P72,-0.0009381288587535263,-0.0026247315536092894,0.0007484738361022371
2022Q4,P72,-0.0009381288587535261,-0.0026247315536093094,0.0007484738361022572
2023Q1,P72,-0.0009381288587535256,-0.0026247315536093285,0.0007484738361022772
2023Q2,P72,-0.0009381288587535255,-0.002624731553609349,0.0007484738361022977
2023Q3,P72,-0.0009381288587535252,-0.002624731553609369,0.0007484738361023184
2023Q4,P72,-0.0009381288587535252,-0.0026247315536093887,0.0007484738361023383
2024Q1,P72,-0.0009381288587535251,-0.002624731553609409,0.000748473836102359
2024Q2,P72,-0.0009381288587535251,-0.00262473155360943,0.0007484738361023799
2024Q3,P72,-0.000938128858753525,-0.0026247315536094508,0.0007484738361024006
2024Q4,P72,-0.0009381288587535251,-0.0026247315536094716,0.0007484738361024213
2025Q1,P72,-0.0009381288587535251,-0.0026247315536094924,0.0007484738361024423
2025Q2,P72,-0.0009381288587535251,-0.002624731553609513,0.0007484738361024629
2025Q3,P72,-0.0009381288587535251,-0.002624731553609534,0.000748473836102484
1996Q1,GDP,-0.019210626159282818,-0.05888765289230973,0.020466400573744097
1996Q2,GDP,-0.019211532169720158,-0.05811584081338537,0.019692776473945052
1996Q3,GDP,-0.019211557674393642,-0.05652840457969319,0.018105289230905902
1996Q4,GDP,-0.019208835539057,-0.05589772410181778,0.017480053023703777
1997Q1,GDP,-0.01920571354804096,-0.055264542793723254,0.016853115697641335
1997Q2,GDP,-0.01919910250487064,-0.05462746436025641,0.016229259350515127
1997Q3,GDP,-0.01918861603632853,-0.053987735937295105,0.015610503864638046
1997Q4,GDP,-0.019172244575558037,-0.0533449188878932,0.015000429736777128
1998Q1,GDP,-0.01915066199762741,-0.05270119263879535,0.01439986864354053
1998Q2,GDP,-0.019121016534657982,-0.05205514311533464,0.013813110046018678
1998Q3,GDP,-0.019080700361934273,-0.05140553010765523,0.013244129383786683
1998Q4,GDP,-0.019027968113411287,-0.05075190377825346,0.01269596755143089
1999Q1,GDP,-0.018962255635728887,-0.050094921581363534,0.01217041030990576
1999Q2,GDP,-0.018881415434751962,-0.0494335820193288,0.011670751149824875
1999Q3,GDP,-0.01878592581840516,-0.04876943222034554,0.011197580583535219
1999Q4,GDP,-0.01867455517386739,-0.04810223076579134,0.01075312041805656
2000Q1,GDP,-0.01854738746916146,-0.04743297185670117,0.01033819691837825
2000Q2,GDP,-0.01839815622378848,-0.04675621807283409,0.009959905625257125
2000Q3,GDP,-0.018231482826276027,-0.04607733761989246,0.009614371967340406
2000Q4,GDP,-0.018043529507614845,-0.045393156399942014,0.00930609738471232
2001Q1,GDP,-0.01783421194299448,-0.04470416991108899,0.00903574602510003
2001Q2,GDP,-0.017606813758637974,-0.04401415729328166,0.008800529776005716
2001Q3,GDP,-0.017359295124734005,-0.043321489746255715,0.008602899496787709
2001Q4,GDP,-0.017092729044334308,-0.042627566977629705,0.008442108888961086
2002Q1,GDP,-0.016803645648834225,-0.04192916204086303,0.008321870743194574
2002Q2,GDP,-0.016492883438841133,-0.04122727354952638,0.008241506671844107
2002Q3,GDP,-0.016164139515553032,-0.04052567735660055,0.008197398325494484
2002Q4,GDP,-0.015820944901280817,-0.039827903834362285,0.008186014031800654
2003Q1,GDP,-0.015467548480541805,-0.039138124314010356,0.008203027352926742
2003Q2,GDP,-0.015104778492912231,-0.038457015632495754,0.008247458646671292
2003Q3,GDP,-0.014737153542108077,-0.03778887475403542,0.008314567669819261
2003Q4,GDP,-0.014362855864996,-0.03713159619851772,0.00840588446852572
2004Q1,GDP,-0.013982120132121627,-0.036485065521852406,0.008520825257609155
2004Q2,GDP,-0.013592494425352548,-0.03584642545251229,0.0086614366018072
2004Q3,GDP,-0.013192846146461268,-0.035214087382937784,0.008828395090015245
2004Q4,GDP,-0.012784108992478345,-0.03458848428441719,0.009020266299460494
2005Q1,GDP,-0.0123691613918012,-0.033971955362523246,0.009233632578920844
2005Q2,GDP,-0.01194562524541767,-0.033361551213725235,0.009470300722889891
2005Q3,GDP,-0.011513465472569994,-0.032756639895076885,0.009729708949936897
2005Q4,GDP,-0.01107502917355557,-0.03215895263180016,0.010008894284689023
2006Q1,GDP,-0.010630655799231916,-0.031568200467133115,0.010306888868669282
2006Q2,GDP,-0.01017801446447177,-0.03098141791199735,0.010625388983053811
2006Q3,GDP,-0.009714574767990283,-0.03039543988511794,0.010966290349137375
2006Q4,GDP,-0.009241600147324336,-0.0298109009103345,0.011327700615685828
2007Q1,GDP,-0.008757401396840139,-0.029225494147930298,0.01171069135425002
2007Q2,GDP,-0.00825827246873362,-0.028634912340517946,0.012118367403050707
2007Q3,GDP,-0.00774382714722739,-0.02803818923593357,0.012550534941478788
2007Q4,GDP,-0.00721365868756179,-0.027434363562191543,0.013007046187067963
2008Q1,GDP,-0.006663957162066629,-0.026819100290550957,0.013491185966417699
2008Q2,GDP,-0.006095390805456511,-0.02619257548168287,0.014001793870769849
2008Q3,GDP,-0.00551038482598332,-0.025556758192044757,0.014535988540078117
2008Q4,GDP,-0.004909987302128811,-0.024912279076658043,0.015092304472400423
2009Q1,GDP,-0.004299336488673283,-0.024263900033049405,0.01566522705570284
2009Q2,GDP,-0.00368834565725595,-0.02362120103520853,0.016244509720696628
2009Q3,GDP,-0.0030770990787445454,-0.022983977789918134,0.016829779632429043
2009Q4,GDP,-0.0024628878850418146,-0.02234927897804099,0.01742350320795736
2010Q1,GDP,-0.0018458966835765665,-0.02171709397766193,0.018025300610508797
2010Q2,GDP,-0.0012232633792274607,-0.02108441354512575,0.01863788678667083
2010Q3,GDP,-0.0005941412492101242,-0.020450292517563688,0.01926201001914344
2010Q4,GDP,4.2397560834538106e-05,-0.019813753719288563,0.01989854884095764
2011Q1,GDP,0.0006842323340316703,-0.01917691786728729,0.02054538253535063
2011Q2,GDP,0.001329256979343038,-0.018541940374149787,0.021200454332835864
2011Q3,GDP,0.0019744227490885134,-0.01791196842786277,0.021860813926039797
2011Q4,GDP,0.0026167051239702095,-0.017290173696477663,0.02252358394441808
2012Q1,GDP,0.0032506839725550477,-0.016682171540987625,0.02318353948609772
2012Q2,GDP,0.003873917954748205,-0.016090645752738962,0.023838481662235372
2012Q3,GDP,0.004480313859707163,-0.015521978106864755,0.02448260582627908
2012Q4,GDP,0.005065547739577233,-0.014980825849067552,0.025111921328222018
2013Q1,GDP,0.0056230002505132035,-0.01447418468063584,0.025720185181662247
2013Q2,GDP,0.0061534769025572145,-0.014001666515167276,0.026308620320281705
2013Q3,GDP,0.006659617021053332,-0.013561088179279777,0.026880322221386442
2013Q4,GDP,0.007139805986070457,-0.013154556467101966,0.02743416843924288
2014Q1,GDP,0.007598073958893076,-0.012778566318558605,0.027974714236344757
2014Q2,GDP,0.008031135933790377,-0.012436957266727666,0.02849922913430842
2014Q3,GDP,0.008439374478903642,-0.01212992677995631,0.029008675737763594
2014Q4,GDP,0.008822505922471711,-0.011858359739669828,0.02950337158461325
2015Q1,GDP,0.009182833247759849,-0.011620570796743751,0.02998623729226345
2015Q2,GDP,0.009521846365233146,-0.011415698954443401,0.030459391684909694
2015Q3,GDP,0.009839033623325524,-0.011244890544331834,0.03092295779098288
2015Q4,GDP,0.010134200536975578,-0.011108974655400887,0.03137737572935204
2016Q1,GDP,0.01040826320753401,-0.011007663593869921,0.03182419000893794
2016Q2,GDP,0.01066162135140886,-0.010941173518327494,0.03226441622114522
2016Q3,GDP,0.010895086046125256,-0.010909290213328307,0.03269946230557882
2016Q4,GDP,0.011111808190099295,-0.01090943408483619,0.03313305046503478
2017Q1,GDP,0.011314991464206562,-0.010938940674632167,0.033568923603045295
2017Q2,GDP,0.011507194667197882,-0.010995751909510739,0.0340101412439065
2017Q3,GDP,0.011688398316157745,-0.011080343281495094,0.03445713991381058
2017Q4,GDP,0.011860016139577406,-0.011191706415238315,0.034911738694393124
2018Q1,GDP,0.012024380232309374,-0.011327858330249182,0.035376618794867934
2018Q2,GDP,0.012182453282727431,-0.011488124054835416,0.03585303062029028
2018Q3,GDP,0.012336529458333328,-0.011670431060678037,0.0363434899773447
2018Q4,GDP,0.012487797385177305,-0.011873742124018535,0.03684933689437314
2019Q1,GDP,0.012637219825039809,-0.012097172036046915,0.03737161168612653
2019Q2,GDP,0.012786461417371674,-0.01233905680698627,0.03791197964172962
2019Q3,GDP,0.012936138413522697,-0.012598701433334481,0.03847097826037987
2019Q4,GDP,0.013086292327696633,-0.012875904287548083,0.03904848894294135
2020Q1,GDP,0.013238834709759728,-0.013168510897315206,0.03964618031683466
2020Q2,GDP,0.01337635025985615,-0.013493609857541188,0.040246310377253486
2020Q3,GDP,0.013441240999479555,-0.013908388116800383,0.04079087011575949
2020Q4,GDP,0.013485126748945349,-0.014360730340668476,0.041330983838559175
2021Q1,GDP,0.01350753977411135,-0.014850524439989483,0.04186560398821218
2021Q2,GDP,0.013495848525398195,-0.01538973829288939,0.04238143534368578
2021Q3,GDP,0.013465399346522407,-0.015962278738103654,0.042893077431148466
2021Q4,GDP,0.013427513147216654,-0.01655599580527299,0.0434110220997063
2022Q1,GDP,0.01338753979695732,-0.017164629391546664,0.043939708985461304
2022Q2,GDP,0.013348945354405815,-0.017783723243710674,0.0444816139525223
2022Q3,GDP,0.01331113676315891,-0.018412801597547553,0.04503507512386538
2022Q4,GDP,0.013276243163715975,-0.0190485893157394,0.045601075643171354
2023Q1,GDP,0.01324478774567504,-0.01968934160076082,0.0461789170921109
2023Q2,GDP,0.01321930658976202,-0.020331226843024835,0.04676984002254887
2023Q3,GDP,0.0131993684236349,-0.020973308699698268,0.04737204554696807
2023Q4,GDP,0.013183066978228825,-0.02161605574633036,0.04798218970278801
2024Q1,GDP,0.013170801046238018,-0.02225756363826009,0.048599165730736124
2024Q2,GDP,0.013162351425983734,-0.02289648064696045,0.049221183498927915
2024Q3,GDP,0.013157367751605732,-0.023531523628981116,0.04984625913219258
2024Q4,GDP,0.013154086505132282,-0.024162763201263735,0.0504709362115283
2025Q1,GDP,0.0131544336827726,-0.02478652473132969,0.05109539209687489
2025Q2,GDP,0.013154701314708963,-0.025404716036491866,0.051714118665909796
2025Q3,GDP,0.013154701314708963,-0.026015678423188672,0.0523250810526066
1996Q1,sum_minus_gdp_gap,-0.0006853530624961746,,
1996Q2,sum_minus_gdp_gap,-0.0007092288942658342,,
1996Q3,sum_minus_gdp_gap,-0.000740180048793726,,
1996Q4,sum_minus_gdp_gap,-0.00077205683652741,,
1997Q1,sum_minus_gdp_gap,-0.0008058876467958304,,
1997Q2,sum_minus_gdp_gap,-0.0008399328784154531,,
1997Q3,sum_minus_gdp_gap,-0.0008719193983636742,,
1997Q4,sum_minus_gdp_gap,-0.0009016265073942542,,
1998Q1,sum_minus_gdp_gap,-0.0009346940393754506,,
1998Q2,sum_minus_gdp_gap,-0.0009560850318743042,,
1998Q3,sum_minus_gdp_gap,-0.0009687746497213101,,
1998Q4,sum_minus_gdp_gap,-0.0009827718924779044,,
1999Q1,sum_minus_gdp_gap,-0.000972523167135534,,
1999Q2,sum_minus_gdp_gap,-0.0009510270494837159,,
1999Q3,sum_minus_gdp_gap,-0.0009211385468330842,,
1999Q4,sum_minus_gdp_gap,-0.000882431533890185,,
2000Q1,sum_minus_gdp_gap,-0.0008238445615609997,,
2000Q2,sum_minus_gdp_gap,-0.0007467656796263725,,
2000Q3,sum_minus_gdp_gap,-0.0006608280304481115,,
2000Q4,sum_minus_gdp_gap,-0.000565157838771483,,
2001Q1,sum_minus_gdp_gap,-0.0004627576910691787,,
2001Q2,sum_minus_gdp_gap,-0.0003796142073042713,,
2001Q3,sum_minus_gdp_gap,-0.00027760294144129824,,
2001Q4,sum_minus_gdp_gap,-0.0001560218526345733,,
2002Q1,sum_minus_gdp_gap,-1.4732901250581049e-05,,
2002Q2,sum_minus_gdp_gap,0.00014437748841331782,,
2002Q3,sum_minus_gdp_gap,0.0003096239658997024,,
2002Q4,sum_minus_gdp_gap,0.00046775760069619685,,
2003Q1,sum_minus_gdp_gap,0.0006082358978853793,,
2003Q2,sum_minus_gdp_gap,0.0007166827010037999,,
2003Q3,sum_minus_gdp_gap,0.0007997217756793365,,
2003Q4,sum_minus_gdp_gap,0.0008580202853441035,,
2004Q1,sum_minus_gdp_gap,0.0008904109945140123,,
2004Q2,sum_minus_gdp_gap,0.000901834894556329,,
2004Q3,sum_minus_gdp_gap,0.0008921334407161058,,
2004Q4,sum_minus_gdp_gap,0.0008662187868539485,,
2005Q1,sum_minus_gdp_gap,0.00082672801535307,,
2005Q2,sum_minus_gdp_gap,0.0007775885929820238,,
2005Q3,sum_minus_gdp_gap,0.0007184322790409342,,
2005Q4,sum_minus_gdp_gap,0.000647827527864648,,
2006Q1,sum_minus_gdp_gap,0.0005683078677948504,,
2006Q2,sum_minus_gdp_gap,0.0004823071253446144,,
2006Q3,sum_minus_gdp_gap,0.0003966627635959598,,
2006Q4,sum_minus_gdp_gap,0.00029127267946016736,,
2007Q1,sum_minus_gdp_gap,0.0001669469869071561,,
2007Q2,sum_minus_gdp_gap,3.507714844859858e-05,,
2007Q3,sum_minus_gdp_gap,-0.00010308226443386977,,
2007Q4,sum_minus_gdp_gap,-0.00024403872611752832,,
2008Q1,sum_minus_gdp_gap,-0.0003748000338860387,,
2008Q2,sum_minus_gdp_gap,-0.0004941602772670526,,
2008Q3,sum_minus_gdp_gap,-0.000597197747984073,,
2008Q4,sum_minus_gdp_gap,-0.0006881534463431295,,
2009Q1,sum_minus_gdp_gap,-0.0007657990311336575,,
2009Q2,sum_minus_gdp_gap,-0.0008440049913062842,,
2009Q3,sum_minus_gdp_gap,-0.0009163602466832083,,
2009Q4,sum_minus_gdp_gap,-0.0009751701096156087,,
2010Q1,sum_minus_gdp_gap,-0.0010212982766944203,,
2010Q2,sum_minus_gdp_gap,-0.0010492606062085094,,
2010Q3,sum_minus_gdp_gap,-0.0010460532887321505,,
2010Q4,sum_minus_gdp_gap,-0.0010239689576975663,,
2011Q1,sum_minus_gdp_gap,-0.0009627546751291975,,
2011Q2,sum_minus_gdp_gap,-0.0008831220269750863,,
2011Q3,sum_minus_gdp_gap,-0.0007951553361324976,,
2011Q4,sum_minus_gdp_gap,-0.0007055505899970359,,
2012Q1,sum_minus_gdp_gap,-0.0006258961725685735,,
2012Q2,sum_minus_gdp_gap,-0.0005565341794368543,,
2012Q3,sum_minus_gdp_gap,-0.0005202249844548775,,
2012Q4,sum_minus_gdp_gap,-0.0005135771481909772,,
2013Q1,sum_minus_gdp_gap,-0.0005360772687995428,,
2013Q2,sum_minus_gdp_gap,-0.000592035356984438,,
2013Q3,sum_minus_gdp_gap,-0.0006723700385647385,,
2013Q4,sum_minus_gdp_gap,-0.0007732424743679177,,
2014Q1,sum_minus_gdp_gap,-0.0008878726609115074,,
2014Q2,sum_minus_gdp_gap,-0.0010185572667384636,,
2014Q3,sum_minus_gdp_gap,-0.0011598551155718052,,
2014Q4,sum_minus_gdp_gap,-0.00130534168602741,,
2015Q1,sum_minus_gdp_gap,-0.0014518544849938747,,
2015Q2,sum_minus_gdp_gap,-0.0015969199107934984,,
2015Q3,sum_minus_gdp_gap,-0.0017371962161237646,,
2015Q4,sum_minus_gdp_gap,-0.0018784395040630977,,
2016Q1,sum_minus_gdp_gap,-0.002018814820481893,,
2016Q2,sum_minus_gdp_gap,-0.002164493357947944,,
2016Q3,sum_minus_gdp_gap,-0.0023152184939275178,,
2016Q4,sum_minus_gdp_gap,-0.002470935204224988,,
2017Q1,sum_minus_gdp_gap,-0.002619297370228507,,
2017Q2,sum_minus_gdp_gap,-0.002761379406646055,,
2017Q3,sum_minus_gdp_gap,-0.0028918311750312283,,
2017Q4,sum_minus_gdp_gap,-0.0030137205610457855,,
2018Q1,sum_minus_gdp_gap,-0.003123293579442122,,
2018Q2,sum_minus_gdp_gap,-0.003226018139379904,,
2018Q3,sum_minus_gdp_gap,-0.003320191777073763,,
2018Q4,sum_minus_gdp_gap,-0.0034045696093472095,,
2019Q1,sum_minus_gdp_gap,-0.003473906644352192,,
2019Q2,sum_minus_gdp_gap,-0.003524461518638831,,
2019Q3,sum_minus_gdp_gap,-0.0035615717917343026,,
2019Q4,sum_minus_gdp_gap,-0.003588023556344787,,
2020Q1,sum_minus_gdp_gap,-0.0036087648669792353,,
2020Q2,sum_minus_gdp_gap,-0.003616296144677837,,
2020Q3,sum_minus_gdp_gap,-0.003605111323503638,,
2020Q4,sum_minus_gdp_gap,-0.003583254995693253,,
2021Q1,sum_minus_gdp_gap,-0.003553922139940555,,
2021Q2,sum_minus_gdp_gap,-0.003507848817892345,,
2021Q3,sum_minus_gdp_gap,-0.0034461352546281097,,
2021Q4,sum_minus_gdp_gap,-0.00337989554863459,,
2022Q1,sum_minus_gdp_gap,-0.0033053181858348525,,
2022Q2,sum_minus_gdp_gap,-0.003223149310437972,,
2022Q3,sum_minus_gdp_gap,-0.003149118308302404,,
2022Q4,sum_minus_gdp_gap,-0.0030849328808167514,,
2023Q1,sum_minus_gdp_gap,-0.003027302035570424,,
2023Q2,sum_minus_gdp_gap,-0.002975714363898681,,
2023Q3,sum_minus_gdp_gap,-0.002931675500720609,,
2023Q4,sum_minus_gdp_gap,-0.0028892988538538732,,
2024Q1,sum_minus_gdp_gap,-0.0028470295828326355,,
2024Q2,sum_minus_gdp_gap,-0.002816672127704997,,
2024Q3,sum_minus_gdp_gap,-0.002796303868919216,,
2024Q4,sum_minus_gdp_gap,-0.002774578725122481,,
2025Q1,sum_minus_gdp_gap,-0.0027567872896641036,,
2025Q2,sum_minus_gdp_gap,-0.0027493420521868504,,
2025Q3,sum_minus_gdp_gap,-0.0027493420521868504,,
